{
  "CallerReference": "smarttodo-app-2024-06-17",
  "Aliases": {
    "Quantity": 0
  },
  "DefaultRootObject": "index.html",
  "Origins": {
    "Quantity": 1,
    "Items": [
      {
        "Id": "S3-smarttodo-app-static-hosting",
        "DomainName": "smarttodo-app-static-hosting.s3-website-us-east-1.amazonaws.com",
        "OriginPath": "",
        "CustomHeaders": {
          "Quantity": 0
        },
        "CustomOriginConfig": {
          "HTTPPort": 80,
          "HTTPSPort": 443,
          "OriginProtocolPolicy": "http-only",
          "OriginSslProtocols": {
            "Quantity": 1,
            "Items": [
              "TLSv1.2"
            ]
          },
          "OriginReadTimeout": 30,
          "OriginKeepaliveTimeout": 5
        },
        "ConnectionAttempts": 3,
        "ConnectionTimeout": 10,
        "OriginShield": {
          "Enabled": false
        },
        "OriginAccessControlId": ""
      }
    ]
  },
  "OriginGroups": {
    "Quantity": 0
  },
  "DefaultCacheBehavior": {
    "TargetOriginId": "S3-smarttodo-app-static-hosting",
    "TrustedSigners": {
      "Enabled": false,
      "Quantity": 0
    },
    "TrustedKeyGroups": {
      "Enabled": false,
      "Quantity": 0
    },
    "ViewerProtocolPolicy": "redirect-to-https",
    "AllowedMethods": {
      "Quantity": 2,
      "Items": [
        "HEAD",
        "GET"
      ],
      "CachedMethods": {
        "Quantity": 2,
        "Items": [
          "HEAD",
          "GET"
        ]
      }
    },
    "SmoothStreaming": false,
    "Compress": true,
    "LambdaFunctionAssociations": {
      "Quantity": 0
    },
    "FunctionAssociations": {
      "Quantity": 0
    },
    "FieldLevelEncryptionId": "",
    "GrpcConfig": {
      "Enabled": false
    },
    "ForwardedValues": {
      "QueryString": false,
      "Cookies": {
        "Forward": "none"
      },
      "Headers": {
        "Quantity": 0
      },
      "QueryStringCacheKeys": {
        "Quantity": 0
      }
    },
    "MinTTL": 0,
    "DefaultTTL": 86400,
    "MaxTTL": 31536000
  },
  "CacheBehaviors": {
    "Quantity": 0
  },
  "CustomErrorResponses": {
    "Quantity": 1,
    "Items": [
      {
        "ErrorCode": 404,
        "ResponsePagePath": "/index.html",
        "ResponseCode": "200",
        "ErrorCachingMinTTL": 300
      }
    ]
  },
  "Comment": "SmartTodo App CloudFront Distribution",
  "Logging": {
    "Enabled": false,
    "IncludeCookies": false,
    "Bucket": "",
    "Prefix": ""
  },
  "PriceClass": "PriceClass_100",
  "Enabled": false,
  "ViewerCertificate": {
    "CloudFrontDefaultCertificate": true,
    "SSLSupportMethod": "vip",
    "MinimumProtocolVersion": "TLSv1",
    "CertificateSource": "cloudfront"
  },
  "Restrictions": {
    "GeoRestriction": {
      "RestrictionType": "none",
      "Quantity": 0
    }
  },
  "WebACLId": "",
  "HttpVersion": "http2",
  "IsIPV6Enabled": true,
  "ContinuousDeploymentPolicyId": "",
  "Staging": false
}
