{
  "CallerReference": "1750535362",
  "Origins": {
    "Quantity": 1,
    "Items": [
      {
        "Id": "SmartTodoAmplifyOrigin",
        "DomainName": "d3877sygl7f4g5.amplifyapp.com",
        "CustomOriginConfig": {
          "HTTPPort": 80,
          "HTTPSPort": 443,
          "OriginProtocolPolicy": "https-only",
          "OriginSslProtocols": {
            "Quantity": 1,
            "Items": ["TLSv1.2"]
          },
          "OriginReadTimeout": 30,
          "OriginKeepaliveTimeout": 5
        }
      }
    ]
  },
  "DefaultCacheBehavior": {
    "TargetOriginId": "SmartTodoAmplifyOrigin",
    "ViewerProtocolPolicy": "redirect-to-https",
    "AllowedMethods": {
      "Quantity": 7,
      "Items": ["GET", "HEAD", "OPTIONS", "PUT", "POST", "PATCH", "DELETE"],
      "CachedMethods": {
        "Quantity": 3,
        "Items": ["GET", "HEAD", "OPTIONS"]
      }
    },
    "CachePolicyId": "658327ea-f89d-4fab-a63d-7e88639e58f6",
    "Compress": true
  },
  "Comment": "SmartTodo App Distribution",
  "Enabled": true,
  "DefaultRootObject": "index.html",
  "PriceClass": "PriceClass_100",
  "ViewerCertificate": {
    "CloudFrontDefaultCertificate": true
  },
  "CustomErrorResponses": {
    "Quantity": 1,
    "Items": [
      {
        "ErrorCode": 404,
        "ResponsePagePath": "/index.html",
        "ResponseCode": "200",
        "ErrorCachingMinTTL": 300
      }
    ]
  }
}
